id,title,release_year,genres,vote_average,vote_count,popularity,original_language
4232,Scream,1996,Crime|Horror|Mystery,7.431,7973,32.3363,en
145341,Colonel Kwiatkowski,1996,Comedy|History,6.7,32,10.2535,pl
954,Mission: Impossible,1996,Adventure|Action|Thriller,7.025,9986,10.2101,en
755,From Dusk Till Dawn,1996,Horror|Action|Thriller|Crime,7.041,6494,9.8421,en
602,Independence Day,1996,Action|Adventure|Science Fiction,6.912,10436,11.2154,en
9802,The Rock,1996,Action|Adventure|Thriller,7.149,5193,8.7354,en
10830,Matilda,1996,Comedy|Family|Fantasy,7.2,4815,8.9102,en
10607,Don't Be a Menace to South Central While Drinking Your Juice in the Hood,1996,Comedy|Crime,7.045,1517,9.1417,en
819,Sleepers,1996,Crime|Drama|Thriller,7.604,3888,9.4045,en
627,Trainspotting,1996,Drama|Crime,8.0,10403,7.7721,en
11674,101 Dalmatians,1996,Family|Comedy,5.945,3642,8.7175,en
1592,Primal Fear,1996,Crime|Drama|Mystery|Thriller,7.657,3943,7.1618,en
275,Fargo,1996,Crime|Drama|Thriller,7.85,9101,7.056,en
10543,Fear,1996,Thriller|Horror,6.622,1043,6.8625,en
10545,The Hunchback of Notre Dame,1996,Drama|Animation|Family,7.131,5362,7.0947,en
884,Crash,1996,Thriller|Drama,6.464,1348,6.0713,en
664,Twister,1996,Action|Adventure|Drama,6.56,3851,7.4019,en
9303,Bound,1996,Drama|Thriller|Crime,7.213,1085,6.0428,en
9879,Striptease,1996,Comedy|Crime|Drama,5.554,1175,6.8795,en
2300,Space Jam,1996,Family|Animation|Science Fiction|Fantasy|Comedy,6.811,6417,6.1148,en
75,Mars Attacks!,1996,Comedy|Fantasy|Science Fiction,6.423,5879,6.3117,en
193551,All of a Sudden,1996,Crime|Drama|Romance,5.913,23,5.0046,cn
9100,The Craft,1996,Horror|Drama|Fantasy,6.781,2058,6.3485,en
1645,A Time to Kill,1996,Crime|Drama|Thriller,7.388,2964,6.1539,en
492105,New Golden Lotus III,1996,Drama|Romance,6.0,14,5.0135,cn
9614,Happy Gilmore,1996,Comedy,6.68,3337,5.2488,en
3595,Ransom,1996,Action|Thriller,6.69,2092,4.2752,en
9390,Jerry Maguire,1996,Comedy|Drama|Romance,6.986,3709,6.3996,en
24922,Ebola Syndrome,1996,Comedy|Crime|Horror,6.394,156,4.3552,cn
11000,The Birdcage,1996,Comedy|Romance,7.055,1357,4.5802,en
9294,Phenomenon,1996,Drama|Romance|Fantasy,6.485,1337,4.8191,en
454,Romeo + Juliet,1996,Drama|Romance,6.779,5352,4.9947,en
105814,The Imp,1996,Horror,5.2,14,3.9802,cn
9268,Eraser,1996,Action|Mystery|Thriller,6.091,2036,4.6207,en
54065,Bambola,1996,Comedy|Drama,4.397,63,4.6106,it
118379,Viva Erotica,1996,Comedy|Drama,6.784,37,3.9241,cn
2320,Executive Decision,1996,Action|Adventure|Drama|Thriller,6.344,1032,3.8186,en
9208,Broken Arrow,1996,Action|Thriller,6.062,1668,4.4696,en
409,The English Patient,1996,Drama|Romance|War,7.144,2392,4.4258,en
9279,Jingle All the Way,1996,Family|Adventure|Comedy,6.068,2941,3.5782,en
37185,Comrades  Almost a Love Story,1996,Drama|Romance,7.9,179,3.7434,cn
9327,The Nutty Professor,1996,Comedy|Science Fiction|Romance,5.645,3122,3.6934,en
18550,Fled,1996,Action,5.683,252,4.1775,en
11228,Daylight,1996,Action|Adventure|Thriller,6.131,1696,4.9635,en
14469,Bullet,1996,Action|Drama|Thriller|Crime,6.2,134,4.3656,en
10779,The Frighteners,1996,Horror|Comedy,6.941,1744,4.7704,en
11412,The Long Kiss Goodnight,1996,Crime|Action|Mystery|Thriller,6.588,1344,3.3756,en
8840,DragonHeart,1996,Fantasy|Action|Adventure|Drama,6.558,2151,3.3497,en
292238,Horrible High Heels,1996,Horror|Crime,4.5,13,3.1371,cn
106164,Doraemon: Nobita and the Galaxy Super-express,1996,Animation|Science Fiction|Action|Family|Adventure|Fantasy,7.491,57,3.4997,ja
11069,Tremors II: Aftershocks,1996,Action|Horror|Comedy,6.336,1059,2.8669,en
37702,Forbidden City Cop,1996,Action|Adventure|Comedy,7.021,144,3.7005,cn
10586,The Ghost and the Darkness,1996,Adventure|Thriller|History,6.8,1145,3.2624,en
20762,The Substitute,1996,Action|Crime|Drama|Thriller,6.96,570,3.1539,en
9101,Down Periscope,1996,Comedy,6.4,533,3.4165,en
11238,Aladdin and the King of Thieves,1996,Adventure|Animation|Family,6.259,1973,3.544,en
9431,Bordello of Blood,1996,Horror|Comedy,5.955,415,3.782,en
199,Star Trek: First Contact,1996,Science Fiction|Action|Adventure|Thriller,7.3,1952,3.4382,en
41343,The God of Cookery,1996,Comedy|Drama|Fantasy,7.2,220,3.9167,cn
74887,Sex and Zen II,1996,Romance|Comedy|Fantasy|Horror|Action,6.056,80,3.1917,cn
9404,Police Story 4: First Strike,1996,Action|Adventure|Comedy|Crime|Drama|Thriller,6.5,536,3.1228,cn
9894,The Cable Guy,1996,Comedy|Drama|Thriller,6.0,2677,3.2793,en
9103,The Quest,1996,Action|Adventure|Drama,6.2,795,3.1185,en
39828,Young and Dangerous,1996,Action|Crime,6.6,85,3.2219,cn
211132,Where Truth Lies,1996,Thriller|Drama|Mystery,3.9,10,2.5872,en
10547,The Arrival,1996,Science Fiction|Thriller|Horror,6.027,836,2.5373,en
10061,Escape from L.A.,1996,Action|Thriller|Science Fiction,5.877,1606,2.8766,en
9591,That Thing You Do!,1996,Comedy|Drama|Music,6.9,919,2.8168,en
10218,Swingers,1996,Comedy|Drama,6.856,808,3.4631,en
2928,Michael,1996,Comedy|Drama|Fantasy,5.724,684,3.3721,en
10861,Maximum Risk,1996,Action|Thriller|Crime,5.8,566,2.9764,en
12531,The Apartment,1996,Mystery|Drama|Romance,6.794,247,2.3656,fr
11229,Freeway,1996,Comedy|Crime|Thriller|Drama,6.4,427,3.1479,en
10539,James and the Giant Peach,1996,Family|Animation|Adventure|Fantasy,6.587,1433,2.8755,en
2925,The First Wives Club,1996,Comedy,6.712,822,2.5588,en
36075,Splatter: Naked Blood,1996,Horror|Science Fiction,5.82,75,2.6524,ja
11062,City Hall,1996,Drama|Thriller,5.981,322,3.0874,en
41240,Bastard Out of Carolina,1996,Drama,7.165,82,2.2516,en
9623,The Juror,1996,Thriller|Crime,5.7,444,2.2057,en
9460,Black Mask,1996,Action,6.233,294,3.1659,cn
1630,The People vs. Larry Flynt,1996,Drama,7.0,1260,2.6684,en
7095,Jack,1996,Comedy|Family|Drama,6.295,1362,2.3908,en
7863,Shine,1996,Drama,7.365,709,3.4455,en
191561,Yu Pui Tsuen III,1996,Drama,5.547,32,2.9478,zh
17182,Eye for an Eye,1996,Thriller|Drama,6.261,472,2.7006,en
118202,Lost and Found,1996,Drama|Romance,7.063,32,2.3486,cn
128871,Crayon Shin-chan: Great Adventure In Henderland,1996,Animation|Comedy|Adventure|Fantasy,7.211,57,2.5932,ja
11867,Barb Wire,1996,Science Fiction|Action|Adventure,4.1,488,3.508,en
48938,Young and Dangerous 2,1996,Action|Crime|Thriller,6.525,59,3.1318,cn
10534,White Squall,1996,Drama|Adventure,6.3,407,3.5462,en
12123,Chain Reaction,1996,Thriller|Action|Science Fiction,5.811,1206,2.8677,en
25189,The Mirror Has Two Faces,1996,Comedy|Drama|Romance,6.732,386,2.0468,en
9566,The Fan,1996,Thriller|Action|Drama,6.003,865,2.9911,en
10280,Thinner,1996,Fantasy|Horror,5.898,683,2.2116,en
10535,Spy Hard,1996,Comedy|Action,5.426,764,2.5292,en
160806,Street Angels,1996,Action|Crime|Comedy|Thriller,5.917,12,2.7326,cn
9299,Thesis,1996,Horror|Thriller,7.5,941,3.3411,es
11543,Kingpin,1996,Comedy,6.5,978,2.4311,en
57661,God of Gamblers 3: The Early Stage,1996,Action|Comedy,5.9,30,2.9205,cn
36304,Village of Dreams,1996,Family|Drama,6.0,12,2.482,ja
360227,Evil Instinct,1996,Mystery|Thriller,4.833,12,2.091,cn
1770,Michael Collins,1996,War|Drama|Thriller|History,6.892,518,2.8677,en
10874,Muppet Treasure Island,1996,Adventure|Comedy|Family,6.705,460,2.1701,en
10990,Mulholland Falls,1996,Drama|Mystery|Thriller|Crime,6.011,326,2.3156,en
13685,Bottle Rocket,1996,Comedy|Crime|Drama,6.7,1194,2.8151,en
145,Breaking the Waves,1996,Drama|Romance,7.497,1125,2.0744,da
9536,Bio-Dome,1996,Comedy,4.577,402,2.1044,en
3573,Emma,1996,Romance|Comedy|Drama,6.611,672,3.1487,en
48940,Young and Dangerous 3,1996,Thriller|Action|Crime,6.6,55,2.4946,cn
9304,Multiplicity,1996,Comedy|Fantasy|Science Fiction|Romance,5.824,600,2.3353,en
8766,Hellraiser: Bloodline,1996,Horror|Science Fiction|Thriller,5.3,612,2.4889,en
10478,Tin Cup,1996,Drama|Romance|Comedy,6.064,587,1.8481,en
47260,Caught,1996,Action|Drama|Thriller,5.661,28,3.0983,en
22816,The Money Masters,1996,History|Documentary,7.275,20,2.0583,en
14553,Stealing Beauty,1996,Drama|Romance,6.692,612,3.0145,en
18203,Big Night,1996,Drama|Romance|Comedy,6.976,275,1.9659,en
10723,Bulletproof,1996,Comedy|Crime|Action,5.736,640,3.2757,en
8818,Evita,1996,History|Drama,6.096,516,1.9415,en
2061,Pusher,1996,Action|Crime|Drama,7.009,868,2.2629,da
9283,Beautiful Girls,1996,Comedy|Drama|Romance,6.646,402,2.0474,en
10684,Courage Under Fire,1996,Drama|Thriller|Mystery|War,6.5,1049,1.9749,en
10988,Diabolique,1996,Mystery|Thriller|Horror,5.511,320,1.9592,en
11962,Joe's Apartment,1996,Comedy|Fantasy,5.84,374,2.5825,en
10549,Hamlet,1996,Drama,7.3,511,2.2351,en
3179,Beavis and Butt-Head Do America,1996,Animation|Comedy|Adventure|Crime|Music,6.641,779,2.3214,en
69945,The Babysitter's Seduction,1996,Drama|Thriller|TV Movie,5.77,63,1.8034,en
11112,The Associate,1996,Comedy,6.265,234,1.8854,en
12254,Emma,1996,Comedy|Drama|Romance|TV Movie,6.606,137,1.8912,en
9400,Set It Off,1996,Crime|Drama|Thriller|Action|Romance,7.233,400,1.9025,en
9333,Last Man Standing,1996,Crime|Western,6.361,984,2.3395,en
12498,Sling Blade,1996,Drama,7.544,864,1.7775,en
25147,Jude,1996,Drama|Romance,6.31,145,2.9335,en
20539,The Crucible,1996,Drama|History,6.593,557,1.7762,en
9450,Brassed Off,1996,Comedy|Romance|Drama,7.0,297,1.7848,en
9826,The Phantom,1996,Adventure|Action,5.3,618,2.5902,en
44705,Twelfth Night,1996,Drama|Comedy|Romance,7.0,95,1.8919,en
11159,Secrets & Lies,1996,Drama,7.6,726,1.6265,en
532,A Close Shave,1996,Family|Animation|Comedy,7.585,932,1.722,en
9819,Marvin's Room,1996,Drama,6.714,631,1.9417,en
67396,Day of the Warrior,1996,Action|Thriller,4.35,60,1.772,en
25059,Homeward Bound II: Lost in San Francisco,1996,Adventure|Comedy|Drama|Family,6.637,534,1.517,en
10680,D3: The Mighty Ducks,1996,Comedy|Action|Family|Drama,5.961,490,1.826,en
19042,All Dogs Go to Heaven 2,1996,Romance|Animation|Family|Adventure|Fantasy,6.0,287,1.9868,en
202438,XX: Beautiful Prey,1996,Thriller|Action|Romance|Horror,5.875,16,1.6212,ja
14786,Gotti,1996,Crime|Drama|TV Movie,6.53,99,1.7146,en
9306,The Island of Dr. Moreau,1996,Science Fiction|Horror,4.907,561,1.7804,en
18256,Castle Freak,1996,Thriller|Drama|Horror|Mystery,6.1,237,2.3302,en
11076,Fly Away Home,1996,Adventure|Drama|Family,6.939,511,2.0371,en
8426,Swallowtail Butterfly,1996,Drama|Crime|Music|Science Fiction,7.5,99,1.8805,ja
44587,X: The Movie,1996,Action|Animation|Fantasy|Horror,6.056,71,1.8837,ja
41801,Female Perversions,1996,Drama,5.1,62,2.7823,en
10546,The Crow: City of Angels,1996,Action|Fantasy|Thriller,5.507,605,1.7501,en
36758,The Portrait of a Lady,1996,Drama|Romance,5.994,256,1.4711,en
47333,Jane Eyre,1996,Drama|Romance,6.9,244,2.2727,en
140378,Trilogy of Lust II,1996,Crime|Horror,4.9,15,1.594,cn
6346,The Chamber,1996,Crime|Drama,5.978,276,1.7719,en
49763,Bad Moon,1996,Horror,6.751,287,1.3668,en
15691,Doctor Who,1996,TV Movie|Adventure|Science Fiction,6.182,242,1.8832,en
7300,One Fine Day,1996,Romance|Comedy,6.479,726,1.9807,en
12559,First Kid,1996,Comedy|Family,5.73,202,1.4676,en
26748,Lone Star,1996,Drama|Mystery|Romance,7.03,412,1.644,en
11446,Welcome to the Dollhouse,1996,Comedy|Drama,7.082,501,1.6951,en
549,Basquiat,1996,Drama|History,6.629,315,1.5252,en
784,Kolya,1996,Drama|Comedy,7.348,210,1.5358,cs
36355,Flipper,1996,Adventure|Family,5.6,346,1.8137,en
10938,Beautiful Thing,1996,Comedy|Drama|Romance,7.2,350,1.5329,en
39434,The Stendhal Syndrome,1996,Thriller|Horror,5.5,291,1.5711,it
18555,Foxfire,1996,Action|Drama|Thriller,5.997,150,1.6316,en
18862,House Arrest,1996,Comedy|Family,5.36,139,2.7919,en
88811,Goodbye South  Goodbye,1996,Crime|Drama,6.9,43,1.1786,zh
13997,Black Sheep,1996,Comedy,6.076,459,1.549,en
39148,Dragon Ball: The Path to Power,1996,Animation|Adventure|Fantasy,7.368,400,1.9592,ja
215763,Raven Hawk,1996,Drama|Action|TV Movie,4.0,11,1.7082,en
25518,La Belle Verte,1996,Comedy,7.173,283,1.7409,fr
9099,Sgt. Bilko,1996,Comedy,5.9,396,1.517,en
9625,The Glimmer Man,1996,Action|Comedy|Crime,5.4,435,1.8349,en
36282,Fudoh: The New Generation,1996,Action|Thriller|Crime|Comedy,6.667,75,1.7371,ja
25355,Irma Vep,1996,Comedy|Drama,6.69,245,2.4594,fr
9302,Up Close & Personal,1996,Drama|Romance,6.285,239,1.5774,en
54476,Femalien,1996,Romance|Science Fiction,5.114,22,3.1836,en
9716,Everyone Says I Love You,1996,Comedy|Romance,6.452,717,1.8477,en
101314,Animal Instincts 3,1996,Drama|Thriller,4.619,21,1.4639,en
27213,Black Jack: The Movie,1996,Animation|Drama|Thriller|Mystery,6.4,47,1.4181,ja
11107,Eddie,1996,Action|Comedy,5.483,177,2.4192,en
81778,Sabotage,1996,Action|Drama|Thriller,5.635,52,2.442,en
36929,Big Bully,1996,Comedy,4.667,81,1.3963,en
27233,Kids Return,1996,Drama|Crime,6.911,338,1.5585,ja
9401,2 Days in the Valley,1996,Comedy|Crime|Thriller,6.171,296,1.6213,en
27845,Trees Lounge,1996,Drama|Comedy,6.875,208,1.8397,en
26784,The Emperor's Shadow,1996,Drama,7.36,25,1.593,zh
9568,The Dentist,1996,Thriller|Horror,5.549,334,1.9085,en
46338,The Leading Man,1996,Thriller,5.04,25,1.3177,en
261560,Haru,1996,Drama|Romance,7.9,42,1.6585,ja
12709,Ridicule,1996,Comedy|Drama|Romance,6.9,221,1.5077,fr
11525,Lawnmower Man 2: Beyond Cyberspace,1996,Science Fiction|Horror|Action|Thriller,3.3,172,1.6137,en
11239,Shall We Dance?,1996,Music|Comedy|Drama|Romance,7.5,180,1.3186,ja
23945,Carpool,1996,Family|Comedy,5.255,92,1.5392,en
25087,Bloodsport II,1996,Action|Thriller,5.5,144,1.4646,en
2033,Infinity,1996,Drama|Romance,6.6,19,1.2616,en
32308,Ed,1996,Comedy|Family,4.1,135,1.5584,en
19164,The Land Before Time IV: Journey Through the Mists,1996,Adventure|Animation|Comedy|Family,6.206,366,1.964,en
90675,Marshal Law,1996,Action|Drama|Thriller|TV Movie,4.0,10,2.0634,en
38223,Harriet the Spy,1996,Comedy|Drama|Family,6.109,202,1.8025,en
2074,Flirting with Disaster,1996,Comedy,6.2,270,1.3046,en
61752,Girl 6,1996,Comedy|Drama,5.012,121,1.308,en
11511,Kazaam,1996,Fantasy|Comedy|Family,4.199,306,1.5144,en
24206,Silent Trigger,1996,Drama|Action|Thriller,5.209,117,1.2496,en
18975,The Adventures of Pinocchio,1996,Family|Fantasy|Adventure|Drama,5.288,245,2.1172,en
40001,Mrs. Winterbourne,1996,Romance|Drama,7.231,224,1.4868,en
21539,The Preacher's Wife,1996,Family|Fantasy|Drama|Comedy|Romance,5.8,255,1.3157,en
29621,Solo,1996,Action|Adventure|Science Fiction|Thriller,4.875,85,1.2713,en
41843,Surviving Picasso,1996,Drama|Romance,5.802,106,1.7752,en
205414,Mercenary,1996,Action|Thriller,5.705,22,1.5121,en
11306,Extreme Measures,1996,Drama|Thriller,6.0,352,2.0422,en
90214,Cosi,1996,Comedy|Drama|Romance,6.1,41,1.1153,en
36344,Alaska,1996,Family|Drama|Adventure,5.832,143,1.4838,en
326904,Dorami & Doraemons: Robot School's Seven Mysteries,1996,Animation,7.2,12,1.3891,ja
58405,Don't Look Up,1996,Horror,6.421,19,1.0045,ja
11363,She's the One,1996,Romance|Comedy,5.467,271,1.164,en
31908,Ghosts of Mississippi,1996,Drama|History,6.612,165,1.2989,en
322332,Masseuse,1996,Drama|Thriller,4.2,15,2.2564,en
23223,Normal Life,1996,Crime|Drama|Romance,5.957,47,2.3186,en
10690,Space Truckers,1996,Comedy|Science Fiction|Thriller|Adventure,5.464,195,1.4217,en
26674,Wild Side,1996,Thriller|Romance,5.721,52,1.2602,en
58770,The Trigger Effect,1996,Drama|Thriller,5.9,120,1.1447,en
23570,The Pallbearer,1996,Comedy|Romance,4.9,130,2.1725,en
58028,Hollow Point,1996,Action|Comedy|Thriller,5.118,34,1.7949,en
17414,Dunston Checks In,1996,Family|Comedy|Adventure,5.406,244,1.3083,en
32562,The Celluloid Closet,1996,Documentary|History,7.216,116,1.233,en
36998,The Eighth Day,1996,Drama,7.353,312,1.3257,fr
3587,Bogus,1996,Fantasy|Comedy|Family,5.805,244,1.1117,en
125521,Slayers Return,1996,Animation|Comedy|Fantasy,6.5,2077,1.4003,ja
18220,Poison Ivy 2: Lily,1996,Drama|Romance|Thriller,4.723,146,1.4436,en
35203,If These Walls Could Talk,1996,TV Movie|Drama,6.659,82,1.3995,en
75140,Sharpe's Regiment,1996,War|Action|Adventure|History|TV Movie,7.0,29,1.2785,en
69931,Catherine the Great,1996,Drama|TV Movie|History,5.632,34,1.2555,en
25750,Children of the Corn IV: The Gathering,1996,Horror,4.474,175,1.2862,en
38191,The Sunchaser,1996,Drama|Crime,6.301,113,1.4307,en
43566,Before and After,1996,Crime|Drama|Mystery,5.938,211,1.2896,en
42775,Cannes Man,1996,Comedy|Drama|Documentary,5.476,21,1.0934,en
9308,High School High,1996,Comedy|Crime|Romance,5.507,222,1.2496,en
51043,Loch Ness,1996,Family,5.698,124,0.9573,en
29649,Sunset Park,1996,Drama,6.545,22,2.2194,en
20759,The Great White Hype,1996,Comedy,5.245,106,1.1561,en
47694,Temptress Moon,1996,Drama|Romance,6.689,37,1.2301,zh
253899,Danger Zone,1996,Action|Drama,4.2,36,2.036,en
8866,The Truth About Cats & Dogs,1996,Comedy|Romance,6.082,343,1.0975,en
20927,Bed of Roses,1996,Drama|Romance,5.868,125,1.1959,en
29804,Rebound: The Legend of Earl 'The Goat' Manigault,1996,Drama|TV Movie,7.2,59,1.3389,en
31640,Blood and Wine,1996,Crime|Thriller,5.734,187,1.0811,en
53894,Lupin the Third: The Secret of Twilight Gemini,1996,Animation|Action|Comedy|Crime|TV Movie,6.3,49,1.1462,ja
40886,Picnic,1996,Drama|Adventure,6.8,78,1.202,ja
21612,The Funeral,1996,Crime|Drama,6.7,197,1.1087,en
46063,Last Dance,1996,Drama|Crime,5.7,104,1.1439,en
27265,Mother,1996,Comedy|Drama,6.8,91,1.1208,en
9095,Mary Reilly,1996,Drama|Horror|Thriller,5.781,342,1.1086,en
62960,Tai Chi II,1996,Action|Comedy|Romance,6.9,15,1.2234,cn
47475,Mr. Wrong,1996,Comedy|Romance,4.0,64,2.1222,en
63988,Forest Warrior,1996,Action|Family,4.587,69,2.1434,en
31546,American Buffalo,1996,Drama|Crime,5.399,69,0.9048,en
42911,Skyscraper,1996,Action|Adventure|Thriller,4.2,66,2.0729,en
133578,Who's the Woman  Who's the Man?,1996,Drama|Comedy|Romance,5.833,21,1.182,cn
16299,The Stupids,1996,Comedy|Family,4.871,85,1.2776,en
59480,Gamera 2: Attack of Legion,1996,Fantasy|Science Fiction|Horror,7.453,127,1.0745,ja
81296,Supermarket Woman,1996,Comedy|Drama,6.688,32,0.9723,ja
21566,Raja Hindustani,1996,Drama|Romance,6.429,70,1.2577,hi
18989,Moll Flanders,1996,Drama|Romance,6.1,83,1.2504,en
89433,Big Bullet,1996,Action|Crime|Thriller,6.7,29,1.2044,cn
36692,Bloodsport III,1996,Action|Thriller,5.5,104,1.021,en
76197,Deadly Outbreak,1996,Action|Thriller,5.833,21,1.3043,en
2045,Unforgettable,1996,Thriller|Mystery|Science Fiction,5.6,118,1.2036,en
119292,Virus,1996,Action|Thriller,3.107,14,2.1176,en
31050,Lupin the Third: Dead or Alive,1996,Animation|Action|Comedy|Drama|Crime,6.6,54,1.2501,ja
291613,Mistrial,1996,Thriller|Drama|Action|TV Movie,5.304,24,1.1029,en
86267,The Day a Pig Fell Into the Well,1996,Drama,6.4,60,1.2419,ko
54131,Weather Woman,1996,Comedy|Fantasy|Romance|Science Fiction,3.385,13,0.9348,ja
48213,The Ogre,1996,Drama|War,6.375,48,1.0015,de
46732,The Grass Harp,1996,Comedy|Drama|Family,5.9,34,0.9096,en
303693,Inside,1996,Crime|Drama|TV Movie,4.75,10,1.2237,en
37563,A Summer's Tale,1996,Romance|Drama|Comedy,7.335,264,1.0328,fr
55731,Race the Sun,1996,Adventure|Comedy|Drama,5.227,66,1.032,en
69227,Warhead,1996,Action|Thriller,3.917,12,1.6909,en
26623,Generation X,1996,TV Movie|Action|Science Fiction,4.319,69,1.0216,en
48709,My Man,1996,Romance|Comedy|Drama,5.756,43,1.4191,fr
28121,A Thin Line Between Love and Hate,1996,Comedy|Crime|Romance,5.7,95,1.2542,en
83668,Desire,1996,Comedy,5.538,13,2.1193,fr
16233,Tromeo & Juliet,1996,Comedy|Romance,5.988,164,1.4482,en
31027,Dr. Wai in the Scripture with No Words,1996,Action|Comedy,5.8,58,1.1257,cn
62329,Shootfighter II,1996,Action,5.763,40,1.7201,en
19760,Two If by Sea,1996,Comedy|Romance,5.01,100,0.9897,en
12656,Feeling Minnesota,1996,Comedy|Drama|Thriller|Crime|Romance,5.419,179,0.9226,en
113850,Homecoming,1996,Drama|TV Movie,7.071,14,2.2151,en
26832,The Silencers,1996,Action|Science Fiction,4.8,20,2.2228,en
34170,Larger Than Life,1996,Comedy|Family,5.5,153,0.9531,en
43634,Boys,1996,Romance|Drama|Mystery,5.4,49,0.8903,en
203153,XX: Beautiful Killing Machine,1996,Crime|Action,5.886,22,1.0459,ja
12241,Curdled,1996,Comedy|Crime|Thriller,5.809,131,0.9858,en
53698,Co-ed Call Girl,1996,Crime|Drama|TV Movie,4.7,12,1.0294,en
119694,The Sunshine Boys,1996,TV Movie|Drama|Comedy,4.95,20,0.8878,en
54421,Mahjong,1996,Comedy|Drama|Crime,7.5,46,1.023,zh
16355,Sonic the Hedgehog: The Movie,1996,Adventure|Animation|Comedy|Family|Science Fiction|Action,6.583,78,0.8548,ja
38952,City Hunter Special: The Secret Service,1996,Action|Animation|Comedy|Crime,7.224,29,1.1002,ja
41852,A Family Thing,1996,Comedy|Drama,6.5,74,0.9402,en
158750,Moving Target,1996,Action|Drama|Thriller,4.7,17,1.9269,en
8214,Drifting Clouds,1996,Comedy|Drama,7.561,205,0.8675,fi
109188,An Occasional Hell,1996,Drama|Thriller,3.563,16,0.8982,en
290049,Hijacked: Flight 285,1996,Action|Drama|Crime|Thriller|TV Movie,5.625,16,1.1467,en
67071,Gonin 2,1996,Crime|Thriller|Action,7.0,17,1.0195,ja
142451,The Stunt Woman,1996,Action|Drama,7.25,16,1.1523,cn
118632,Ghatak,1996,Action|Drama,7.556,18,1.2569,hi
63033,How to Meet the Lucky Stars,1996,Action|Comedy,6.0,12,0.8345,cn
315955,Crazy Horse,1996,War|Action|Drama|Western,8.7,11,0.9039,en
30285,The Evening Star,1996,Comedy|Drama|Romance,6.025,80,0.9178,en
12606,A Very Brady Sequel,1996,Family|Comedy,5.8,178,0.9051,en
30926,Pinocchio's Revenge,1996,Horror|Mystery,4.4,81,0.8506,en
19963,Bernie,1996,Comedy,6.769,290,0.8256,fr
40507,Original Gangstas,1996,Action|Drama|Crime|Thriller,5.649,37,1.5344,en
23449,Celtic Pride,1996,Comedy,5.331,154,0.898,en
65335,A Petal,1996,Drama,6.85,30,0.8713,ko
47502,Faithful,1996,Comedy|Crime|Drama,5.452,31,2.1442,en
42314,Looking for Richard,1996,Documentary,6.815,149,0.8952,en
10960,Project: ALF,1996,Comedy|Family|Science Fiction|TV Movie,6.008,133,0.8965,en
24183,La Promesse,1996,Drama,7.204,182,1.1063,fr
46227,Susie Q,1996,Comedy|Drama|Family|Mystery|TV Movie,5.667,63,1.9762,en
21626,Kissed,1996,Romance|Drama,6.386,83,1.4434,en
13891,Citizen Ruth,1996,Drama|Comedy,6.589,146,0.7837,en
40647,Around the World With Timon & Pumbaa,1996,Animation|Family|Comedy,6.43,57,0.9503,en
38523,Ponette,1996,Drama,7.412,57,1.921,fr
36915,Heaven's Prisoners,1996,Drama|Mystery|Thriller,5.293,87,0.8011,en
58102,Some Mother's Son,1996,Drama|History,6.768,41,0.9833,en
93387,Shanghai Grand,1996,Action|Crime|Romance|Thriller,5.833,21,0.9896,cn
133360,Alien Terminator,1996,Science Fiction|Horror,4.034,29,1.0749,en
46334,Captain Conan,1996,Drama|War,6.6,92,1.8788,fr
36291,Beastmaster III: The Eye of Braxus,1996,Fantasy|Action|Adventure,4.078,51,0.8842,en
55949,Vampirella,1996,Horror|Science Fiction|Action,3.856,59,2.2344,en
86899,Sweet Oblivion,1996,Comedy|Drama|Romance,6.3,18,0.9758,ar
124868,The Winner,1996,Thriller|Comedy|Crime,4.6,18,1.6993,en
36447,Carried Away,1996,Drama|Romance,5.7,21,0.8938,en
58985,Grace of My Heart,1996,Comedy|Drama|Music,6.1,65,0.8816,en
16197,Dating the Enemy,1996,Comedy|Fantasy|Romance,6.2,34,0.9069,en
33660,Shiloh,1996,Drama|Family,5.76,75,0.9382,en
179641,Chloé,1996,Romance|Drama,5.604,24,0.8564,fr
111445,Bounty Hunters,1996,Action|Thriller,4.895,20,1.7324,en
128145,The Maddening,1996,Thriller|Horror,4.737,19,0.9217,en
33990,Little Witches,1996,Drama|Horror,4.194,36,2.0671,en
36299,The Grave,1996,Crime|Thriller|Horror,5.158,19,1.165,en
19002,Darkman III: Die Darkman Die,1996,Action|Horror|Science Fiction|Thriller,5.303,155,0.7292,en
41127,Norma Jean & Marilyn,1996,TV Movie|Drama|History,6.2,36,0.8286,en
46827,Rasputin,1996,History|Drama|TV Movie,6.56,67,0.7153,en
86040,To Sir  with Love II,1996,Drama|TV Movie,6.4,62,0.9898,en
26890,I Shot Andy Warhol,1996,Drama,6.1,93,0.7978,en
48358,The Canterville Ghost,1996,TV Movie|Fantasy|Drama|Family,6.286,70,0.9393,en
58991,Cheyenne,1996,Western,4.4,10,1.7854,en
39315,Tykho Moon,1996,Science Fiction,5.6,35,1.8422,fr
26368,Spring and Chaos,1996,Animation|Drama|Fantasy,7.5,11,1.6578,ja
36271,Killer Tongue,1996,Comedy|Horror|Science Fiction,5.675,40,1.0,es
36214,Rebirth of Mothra,1996,Action|Adventure|Science Fiction|Fantasy|Family,6.2,48,1.009,ja
21038,Andersonville,1996,War|Drama|TV Movie|History,6.528,53,1.0124,en
385181,Marching in Darkness,1996,Drama,5.818,11,0.7771,it
252066,Babe Watch,1996,Comedy,4.5,11,0.746,en
33245,It's My Party,1996,Drama,6.328,39,0.662,en
17795,My Fellow Americans,1996,Comedy,6.056,177,0.8602,en
121515,Specimen,1996,Action|Horror|Science Fiction,4.3,10,1.8475,en
20318,Mother Night,1996,Drama|History,6.635,60,0.8723,en
47907,The Spitfire Grill,1996,Comedy|Drama,6.5,67,0.8176,en
45509,Beyond Hypothermia,1996,Action|Thriller|Romance,6.3,36,0.7515,cn
10548,When We Were Kings,1996,Documentary|TV Movie|History|Music,7.575,254,1.0839,en
66034,Mad Dog Time,1996,Action|Comedy|Crime,5.3,49,0.8181,en
128612,Lifeform,1996,Science Fiction|Thriller,5.395,19,0.7906,en
262610,Flow,1996,Drama,7.7,56,0.7824,en
17821,Crossworlds,1996,Action|Science Fiction|Comedy,5.156,61,0.9787,en
27770,Sometimes They Come Back... Again,1996,Horror,4.8,115,0.8989,en
68753,Weather Woman Returns,1996,Comedy,5.438,16,0.7926,ja
30620,Fake,1996,Animation|Crime|Mystery|Comedy|Romance|Horror,4.923,13,0.914,ja
60064,La lupa,1996,Drama,5.402,42,0.6725,it
213842,Deadly Voyage,1996,Drama|Thriller|TV Movie,5.577,13,1.9951,en
65758,Chicken Park,1996,Comedy|Science Fiction,3.336,58,0.8164,en
26949,In Love and War,1996,Drama|Romance,5.918,153,0.7891,en
47199,The Secret Agent,1996,Drama|Thriller,5.6,44,1.1424,en
76807,Sworn to Justice,1996,Thriller|Action,5.426,34,0.8437,en
38366,The Cyclone,1996,Comedy|Romance,6.949,772,0.7467,it
124843,Ripe,1996,Drama,5.053,19,0.7177,en
21119,The Last Days of Frankie the Fly,1996,Crime|Drama|Romance,5.971,34,0.8564,en
14646,Family Resemblances,1996,Comedy,7.302,316,0.6855,fr
145016,Harvest of Fire,1996,Drama|TV Movie|Crime,5.833,12,0.8058,en
198595,The Fine Art of Separating People from Their Money,1996,Documentary,5.545,11,0.7082,en
44852,Iron Monkey 2,1996,Action,6.823,79,1.0525,cn
27681,Wish Upon a Star,1996,TV Movie|Family|Comedy|Fantasy,6.485,196,0.8195,en
25023,The Thorn Birds: The Missing Years,1996,Drama|Romance,6.87,23,0.8479,en
71058,Eko Eko Azarak II: Birth of the Wizard,1996,Horror,6.2,14,0.7172,ja
292044,Sticks & Stones,1996,Drama|Thriller,5.905,21,0.653,en
38288,“The Shorts” by Aldo  Giovanni and Giacomo,1996,Comedy,8.107,361,0.7204,it
72394,The Ring,1996,TV Movie|Drama|Romance,5.808,13,0.6621,en
32449,Natural Enemy,1996,Crime|Drama|Horror,4.778,18,0.7585,en
47278,Sex and the Other Man,1996,Drama|Comedy,4.6,12,0.7639,en
62347,Precious Find,1996,Action|Science Fiction|Western,5.393,14,0.847,en
30755,Night Hunter,1996,Action|Horror|Drama,4.75,24,0.8413,en
45565,I Love You  I Love You Not,1996,Drama|Family|Romance,5.181,36,0.6628,en
207127,Oedipus Mayor,1996,Drama|War,5.107,14,1.7716,es
85242,Underworld,1996,Drama|Action|Comedy|Thriller,5.348,23,0.8595,en
56281,The Cherokee Kid,1996,Western|Action|Comedy|Family|TV Movie,5.466,29,0.6644,en
102353,Chaahat,1996,Drama|Romance,6.72,25,1.1088,hi
9305,Microcosmos,1996,Documentary,7.59,255,1.1915,fr
173793,White Tiger,1996,Action,5.4,25,0.7586,en
32700,Boyfriends,1996,Comedy|Drama|Romance,4.846,13,0.9628,en
10542,The Killer Condom,1996,Comedy|Horror,5.2,92,0.9233,de
31521,Indian,1996,Drama|Action|Thriller,6.981,80,0.871,ta
137455,Ninne Pelladatha,1996,Romance|Family,7.1,10,0.8653,te
52215,Persons Unknown,1996,Thriller|Action,5.536,14,1.2005,en
579480,Independence Day: The ID4 Invasion,1996,Science Fiction|Action,6.615,13,0.7777,en
81461,Cynara: Poetry in Motion,1996,Drama|Romance,4.65,10,0.6877,en
132318,New Kimagure Orange Road: Summer's Beginning,1996,Animation,5.2,15,0.7522,ja
243595,Diljale,1996,Action|Drama|Romance,7.393,14,0.9157,hi
24275,Mojave Moon,1996,Thriller|Comedy|Romance,4.93,54,0.7957,en
103602,Demolition High,1996,Action,4.385,13,1.0646,en
75704,Dragon from Shaolin,1996,Action|Comedy,6.893,14,0.7296,cn
47434,A Couch in New York,1996,Romance|Comedy,5.944,45,0.7708,fr
30565,The Hamster Factor and Other Tales of 'Twelve Monkeys',1996,Documentary,6.97,33,0.7388,en
279576,Body of Influence 2,1996,Thriller,2.8,12,0.846,en
101052,Cachito,1996,Adventure|Crime|Drama,5.455,11,1.3951,es
75142,Sharpe's Siege,1996,War|Action|Adventure|TV Movie|History,7.2,30,0.6783,en
75471,Twisted Desire,1996,Crime|Drama|TV Movie,5.0,17,0.8274,en
65662,Hit Me,1996,Drama|Mystery|Thriller,5.955,11,0.6652,en
135119,Yesterday's Target,1996,Science Fiction|Action|TV Movie,4.2,15,0.6389,en
5900,The Dress,1996,Comedy|Drama,6.231,26,0.8846,nl
44465,The Rich Man's Wife,1996,Thriller,5.422,58,0.8603,en
222041,The Adventures of Young Indiana Jones: Travels with Father,1996,Action|Adventure|Drama|TV Movie|Family,6.1,29,0.6925,en
99859,Crimetime,1996,Thriller|Crime|Horror,4.308,13,0.7578,en
386882,Meet Me in the Dream: Wonderland,1996,Fantasy|Drama,5.6,10,0.7931,ja
40089,The Best Job in the World,1996,Comedy|Drama,5.614,114,0.7114,fr
63564,The Last of the High Kings,1996,Drama|Comedy,5.6,45,0.722,en
222877,Marquis de Sade,1996,Drama|History|TV Movie,3.8,10,0.6593,en
40926,Frisk,1996,Drama|Thriller|Comedy,4.3,16,0.6983,en
44497,Hustler White,1996,Romance|Comedy,5.303,38,0.794,en
9680,Uncle Sam,1996,Comedy|Horror,4.9,69,0.9278,en
55058,Love Is All There Is,1996,Comedy|Romance,5.188,16,0.7314,en
60258,Electra,1996,Action|Science Fiction|Thriller,4.3,15,0.6882,en
210938,Edie & Pen,1996,Comedy,5.95,10,0.5953,en
49471,Get on the Bus,1996,History|Adventure|Drama,6.391,78,1.0019,en
74942,Soul of the Game,1996,History|Drama|TV Movie,4.909,10,0.7181,en
160255,English Babu Desi Mem,1996,Romance,5.605,19,0.7875,hi
61909,Head of the Family,1996,Comedy|Horror,5.462,65,0.6624,en
54471,Jaguar,1996,Adventure|Comedy,5.72,264,0.7837,fr
91014,Night Eyes 4: Fatal Passion,1996,Thriller|Drama,4.3,13,0.6691,en
64445,Karmina,1996,Comedy|Horror|Romance,6.409,11,1.7597,fr
290112,Undertow,1996,Drama|Action|Thriller|TV Movie,5.738,21,1.5873,en
117078,Door III,1996,Horror,5.5,11,0.718,ja
186705,Love  etc.,1996,Drama|Romance,5.7,19,0.7061,fr
29927,Pretty Village  Pretty Flame,1996,Drama|War,8.0,109,0.98,sr
52263,Amityville: Dollhouse,1996,Horror,4.557,122,1.0079,en
83994,My Sex Life... or How I Got Into an Argument,1996,Comedy|Drama|Romance,6.467,60,0.654,fr
338391,Shattered Mind,1996,Thriller|Drama|TV Movie,4.6,10,0.6707,en
18451,The Whole Wide World,1996,Drama|Romance,6.647,51,0.8259,en
71019,Back to Back,1996,TV Movie|Action|Drama,5.5,22,0.7109,en
3065,Mystery Science Theater 3000: The Movie,1996,Comedy|Science Fiction,6.552,231,0.8349,en
55687,Adrenalin: Fear the Rush,1996,Action|Science Fiction|Thriller,4.647,78,0.7514,en
200383,North Star,1996,Action|Adventure|Drama|Western,4.793,45,0.6947,en
87859,The Gingko Bed,1996,Fantasy|Action|Romance,5.053,19,0.7875,ko
121817,The Sweeper,1996,Action|Drama|Thriller,4.563,16,0.7934,en
30500,To Gillian on Her 37th Birthday,1996,Drama|Romance,5.493,57,0.8805,en
81685,The Story of Santa Claus,1996,Adventure|Animation|Comedy|Family|Fantasy,6.6,15,0.8977,en
61550,Christmas Every Day,1996,Family|Fantasy|TV Movie,6.033,30,0.5724,en
60231,Mr. Mumble,1996,Comedy|Action|Crime,6.15,10,0.8038,cn
98872,Helpless,1996,Drama|Crime,6.3,12,0.7685,ja
11103,Head Above Water,1996,Comedy|Thriller,6.0,162,0.8154,en
22479,Kansas City,1996,Drama|Crime,6.124,97,0.7442,en
88224,Manny & Lo,1996,Drama|Comedy,6.3,44,0.8125,en
72408,Satan Returns,1996,Horror|Action|Thriller,4.944,18,0.8167,cn
79950,Naked Souls,1996,Science Fiction|Thriller,3.756,41,0.6801,en
255459,Kaalapani,1996,Action|Drama,7.871,35,0.68,ml
33322,Armitage III: Poly Matrix,1996,Animation|Science Fiction|Thriller,6.4,69,0.7015,ja
10324,If Lucy Fell,1996,Comedy|Romance,5.383,60,0.6168,en
125587,Nothing Personal,1996,Drama,4.846,13,0.738,en
136726,La Celestina,1996,Drama,4.841,44,0.7601,es
126914,Tiger Heart,1996,Action,5.077,13,1.5865,en
43771,Gabbeh,1996,Drama|Mystery|Romance,6.7,61,0.8245,fa
8442,Who Killed Pixote?,1996,Drama,6.036,14,0.5041,pt
105437,For My Daughter's Honor,1996,Drama|TV Movie,5.333,18,0.7779,en
15674,Sabrina the Teenage Witch,1996,TV Movie|Fantasy|Family|Comedy,6.74,344,0.8234,en
36983,Tornado!,1996,Action|TV Movie,5.681,47,0.6708,en
38554,Dear God,1996,Comedy,5.484,62,1.4229,en
32284,Dream for an Insomniac,1996,Romance|Comedy|Drama,5.075,40,0.6054,en
103790,Istanbul Beneath My Wings,1996,Adventure|History|Drama,6.658,38,0.6125,tr
23608,Midnight in Saint Petersburg,1996,Thriller|TV Movie,5.153,36,0.7874,en
73316,Darklands,1996,Horror,4.846,13,0.7825,en
149167,All of Them Witches,1996,Horror|Thriller|Fantasy,5.929,14,1.6631,es
240681,The Ex,1996,Drama,4.5,12,0.769,en
81384,Shadow Zone: The Undead Express,1996,Fantasy|Horror|TV Movie,5.75,10,0.706,en
34935,Tenchi Muyo! In Love,1996,Animation|Comedy,6.018,28,0.5893,ja
34138,Night of the Twisters,1996,Action|Drama|TV Movie,6.3,64,0.9072,en
32622,Angela,1996,Drama,5.518,28,0.6869,en
106258,Vibrations,1996,Drama,4.125,12,0.58,en
9098,Regular Guys,1996,Comedy,5.865,26,1.5484,de
129021,After the SIlence,1996,Drama|TV Movie,7.107,14,0.6804,en
200393,Chouriki Sentai Ohranger: Olé vs Kakuranger,1996,Action|Adventure|Science Fiction|Fantasy,7.05,10,0.724,ja
39463,True Blue,1996,Drama,6.208,12,0.5874,en
3119,Frankenstein and Me,1996,Fantasy|Horror,5.385,13,0.6087,en
48862,Unhook the Stars,1996,Drama|Romance,5.953,43,0.6318,en
68545,Intimate Relations,1996,Drama|Comedy,5.353,17,0.7844,en
38237,Robo Warriors,1996,Action|Adventure|Science Fiction,5.528,18,0.6065,en
47168,The Wind in the Willows,1996,Fantasy|Comedy|Family|Adventure,5.758,60,0.6177,en
237735,Hitler,1996,Drama,6.85,20,0.7403,ml
110909,Things I Never Told You,1996,Comedy|Romance,5.368,38,0.5437,en
79118,Hamsun,1996,Drama,7.154,26,1.4993,sv
59232,The War at Home,1996,Drama,7.054,28,0.6518,en
55049,Three Lives and Only One Death,1996,Comedy|Crime|Fantasy|Mystery,6.456,45,0.837,fr
133494,Mother  May I Sleep with Danger?,1996,Thriller|TV Movie,4.7,21,0.6088,en
48114,Body Without Soul,1996,Documentary,6.476,21,0.6166,cs
60083,Salut cousin !,1996,Comedy,4.5,14,0.9878,fr
18944,The Rolling Stones Rock and Roll Circus,1996,Music,7.372,39,0.6798,en
68148,The Siege at Ruby Ridge,1996,Drama|History|TV Movie,5.385,13,0.526,en
107500,Yes Madam 5,1996,Action|Crime|Thriller,4.9,11,0.7577,cn
31388,Santa with Muscles,1996,Action|Family|Comedy,3.641,92,0.9139,en
13063,Cannibal! The Musical,1996,Comedy|Western|Thriller,6.356,167,0.565,en
172948,Fourbi,1996,Drama|Comedy,5.233,15,1.8872,fr
18414,Kids in the Hall: Brain Candy,1996,Comedy,6.2,85,0.677,en
45875,Trilogy of Terror II,1996,Horror|Thriller|TV Movie,5.093,54,0.7839,en
141613,Jeet,1996,Action|Romance,6.417,24,0.7147,hi
42770,Devil's Island,1996,Drama|Comedy,6.583,12,1.7385,is
30330,The Late Shift,1996,Comedy|Drama|TV Movie,6.377,65,0.5084,en
56830,Johns,1996,Drama|Romance,5.346,26,0.7225,en
34646,Dead Girl,1996,Comedy,4.85,10,0.6041,en
107667,Family,1996,Drama|Comedy|Family,7.387,31,1.7165,es
16003,The Hunters,1996,Thriller|Crime|Mystery,6.5,125,0.6388,sv
113175,Robin of Locksley,1996,Adventure|Drama|TV Movie,5.7,18,0.7022,en
24983,AC/DC: No Bull,1996,Music,7.222,27,0.5598,en
69989,Unpredictable Nature of the River,1996,Drama|Adventure,5.717,23,0.4839,fr
17135,Omega Doom,1996,Science Fiction,4.497,70,0.6449,en
198389,Crime of the Century,1996,Crime|Drama|TV Movie,6.792,12,0.5628,de
31146,Box of Moonlight,1996,Comedy|Drama,6.814,78,0.4841,en
9977,Children of the Revolution,1996,Comedy|Drama,5.568,22,0.6234,en
545600,Signal Left  Turn Right,1996,Comedy|Drama,7.636,11,0.4981,zh
174271,The Fortunes and Misfortunes of Moll Flanders,1996,Comedy|Drama|Romance|TV Movie,6.25,18,0.6712,en
33424,Backstabbed,1996,Horror,6.0,16,0.6074,da
231472,Joulubileet,1996,Comedy,7.077,13,0.5375,fi
193212,The Man Who Captured Eichmann,1996,TV Movie|Drama|History|War,6.154,13,0.5474,en
47007,Deep Crimson,1996,Crime|Drama,6.896,48,0.6986,es
51776,Killers,1996,Action|Thriller|Horror,5.217,30,1.563,en
36876,Raven,1996,Action|Thriller,4.5,19,0.7055,en
68023,Beaumarchais the Scoundrel,1996,Adventure|History|Romance,6.56,75,0.5568,fr
288655,Virtual Encounters,1996,Science Fiction|Romance,4.083,12,0.5709,en
42762,Hillsborough,1996,Drama|TV Movie,7.19,21,0.6077,en
131914,The Uninvited,1996,Horror|TV Movie|Mystery,5.429,14,0.65,en
278818,Sesame Street: Elmo Saves Christmas,1996,Family|Music|Adventure|Comedy|TV Movie|Fantasy,6.042,12,0.7291,en
6436,Star Command,1996,Science Fiction|Thriller|TV Movie|Action,5.031,16,0.5527,en
312,Beyond Silence,1996,Drama|Music,6.944,80,0.574,de
174127,A Moment of Romance III,1996,Action|Romance|War,5.214,14,0.6633,cn
80303,That's Cheating! The Biggest Plan in History?,1996,Comedy,7.0,10,0.7939,ja
59569,Killer: A Journal of Murder,1996,Drama,5.794,51,0.5385,en
87442,Sonic Christmas Blast,1996,Animation|Adventure|Comedy|Family,5.5,31,0.5786,en
464729,The Story Behind 'Toy Story',1996,Documentary,7.786,21,0.7776,en
97618,One Tough Bastard,1996,Action|Thriller,6.018,28,0.5303,en
105130,Dangan Runner,1996,Crime|Comedy|Action,6.8,26,0.7413,ja
150373,All Night Long 3: The Final Chapter,1996,Horror,4.192,13,0.6274,ja
72116,No One Would Tell,1996,Drama|Crime|TV Movie,7.011,94,0.5375,en
42824,The Cold Equations,1996,Action|Science Fiction|Thriller,4.385,13,0.5989,en
83720,The Wife,1996,Comedy|Drama|Romance,4.875,16,0.614,en
271993,Two Mothers for Zachary,1996,Drama|TV Movie,6.0,10,0.5352,en
35983,Assault on Dome 4,1996,Action|Science Fiction|TV Movie,3.8,17,0.5106,en
299718,Lying Eyes,1996,Thriller|Romance|TV Movie,4.818,11,0.5163,en
39930,Henry: Portrait of a Serial Killer  Part 2,1996,Crime|Horror|Thriller,4.9,49,0.5855,en
281490,Without Mercy,1996,Action,4.35,10,0.8777,en
109614,Losing Chase,1996,Drama|Romance,6.074,27,0.5826,en
136311,American Strays,1996,Action|Comedy,5.75,16,0.9576,en
68115,Terminal Justice,1996,Action|Science Fiction|Thriller,4.917,18,0.607,en
134237,Past Perfect,1996,Science Fiction|Action,4.607,14,0.5475,en
336396,Ultraman Zearth,1996,Action|Adventure|Family|Science Fiction,7.455,11,0.5053,ja
160261,Army,1996,Action|Drama,4.538,13,0.5598,hi
44322,East Palace  West Palace,1996,Drama,6.093,27,0.6575,zh
81217,Szamanka,1996,Drama|Horror,6.1,67,0.6198,pl
173737,The Cave of the Golden Rose 5,1996,Adventure|Family|Fantasy,5.704,71,0.5487,it
721820,A Rugrats Chanukah,1996,Family|Animation|Comedy,6.8,12,0.5537,en
1608,When Saturday Comes,1996,Drama,5.707,29,0.4938,en
39084,Once a Thief,1996,Action|Crime|Comedy,4.913,23,0.4555,en
93016,Timelock,1996,Science Fiction,3.7,12,0.6765,en
125989,The Tomorrow Man,1996,Thriller|Science Fiction|TV Movie,5.182,11,0.6644,en
134308,Bermuda Triangle,1996,Mystery|Adventure|TV Movie,5.1,20,0.676,en
21589,Hard Core Logo,1996,Drama|Comedy|Music,6.6,34,0.4768,en
122235,The Trap,1996,Drama|Thriller|Mystery|Crime|Horror,6.818,11,0.532,ja
80985,Oblivion 2: Backlash,1996,Science Fiction|Western|Comedy,4.354,24,0.6311,en
292053,Widow's Kiss,1996,Thriller|TV Movie,4.4,11,0.5377,en
26900,The Bandit,1996,Crime|Drama|Thriller,7.297,357,0.6374,tr
72483,The Twilight of the Golds,1996,Drama,5.5,23,0.6971,en
142012,Gang in Blue,1996,Thriller|Action|Crime|Drama|TV Movie,5.2,13,0.5686,en
28788,Fatal Frames,1996,Horror|Mystery,4.0,11,0.5872,it
75143,Sharpe's Mission,1996,War|Action|Adventure|History|TV Movie,6.948,29,0.5262,en
74832,Riot,1996,Action,5.579,19,0.5251,en
40262,Balance of Power,1996,Action|Thriller,6.143,14,0.5213,en
12814,Sacred Silence,1996,Drama|Crime|Romance,5.975,20,0.4995,it
36494,A Different Kind of Christmas,1996,Drama|TV Movie,4.9,10,0.6653,en
160041,The Nymph,1996,Romance|Drama,5.269,13,0.6132,it
172545,Alive and Kicking,1996,Comedy|Drama,5.083,12,0.615,en
11844,The Van,1996,Comedy|Drama,6.407,75,0.4669,en
55667,Carnosaur 3: Primal Species,1996,Action|Horror|Science Fiction,4.043,47,0.5203,en
287881,Far Harbor,1996,Drama,4.2,10,0.5573,en
268881,Face of Evil,1996,Drama|TV Movie|Thriller,6.333,15,0.5409,en
28559,The Munsters' Scary Little Christmas,1996,Comedy|Family|TV Movie|Horror,5.5,36,0.477,en
110433,Mrs. Santa Claus,1996,Family|Fantasy|Music|Comedy|TV Movie,6.197,33,0.5137,en
68413,Frozen,1996,Drama,6.154,13,0.4578,zh
160054,Angel Flight Down,1996,Drama|TV Movie|Action,5.917,12,0.3596,en
92381,Phat Beach,1996,Comedy|Drama,5.2,29,0.6898,en
25697,Getting Away with Murder,1996,Comedy,4.85,20,0.4918,en
61536,I'm Not Rappaport,1996,Comedy,5.706,34,0.5823,en
63054,Fetishes,1996,Documentary,5.741,27,0.467,en
60173,Nemesis 4: Death Angel,1996,Action|Thriller|Science Fiction,3.4,35,0.6251,en
206612,Marked Man,1996,Action|Drama,6.0,10,0.452,en
53060,Humanoids from the Deep,1996,Science Fiction|Thriller|TV Movie|Horror,3.952,21,0.654,en
195191,Vampire Killer Barbys,1996,Horror|Music,4.121,29,1.4161,es
54240,The Boys Next Door,1996,Comedy|Drama|TV Movie,6.667,12,0.5222,en
45926,Victory,1996,Drama|Romance,5.214,14,0.5696,en
42758,Small Faces,1996,Drama,6.367,30,0.3823,en
291367,Listen,1996,Crime|Thriller|Horror,4.4,11,0.4965,en
305899,Sapoot,1996,Action|Crime,5.0,12,0.5923,hi
155724,Escape Clause,1996,Thriller|TV Movie,4.833,21,0.5497,en
412160,Double Jeopardy,1996,TV Movie|Mystery|Drama|Crime,5.667,12,0.4873,en
2460,Earth,1996,Drama|Romance,6.926,54,0.5093,es
92943,The Curse of Inferno,1996,Comedy|Crime,5.0,16,0.43,en
77137,Il barbiere di Rio,1996,Comedy,5.625,68,0.3526,it
58097,Freedomfighters,1996,War|Drama|History,6.343,67,0.6096,es
25652,Crocodile,1996,Drama,6.336,61,0.5982,ko
13799,Cosmic Voyage,1996,Documentary,7.348,23,0.5463,en
65046,Love Serenade,1996,Comedy|Romance,6.069,29,0.4636,en
50291,Alien Nation: Millennium,1996,TV Movie|Science Fiction|Drama,5.0,23,0.392,en
333583,Tu Chor Main Sipahi,1996,Action|Comedy,5.5,19,0.5815,hi
49963,Walking and Talking,1996,Comedy|Drama|Romance,6.069,58,0.5344,en
103409,Unlikely Angel,1996,TV Movie|Fantasy|Comedy,6.105,19,0.6159,en
124042,Buried Secrets,1996,Drama|Mystery|TV Movie,6.1,12,0.5259,en
165619,Childhood's End,1996,Comedy|Drama|Romance,5.2,10,0.4795,en
159766,Más allá del jardín,1996,Drama,5.0,10,0.4314,es
150347,The Snow Queen's Revenge,1996,Family|Animation,5.731,13,0.6064,en
244901,Dear Diary,1996,Romance|Comedy|Drama,6.462,13,0.4967,en
134646,South Beach Academy,1996,Comedy,3.364,11,0.3905,en
120122,Vesna Goes Fast,1996,Drama,6.118,34,0.4872,it
80221,Hidden in America,1996,TV Movie|Drama,5.35,10,0.4768,en
281085,A Boy Called Hate,1996,Crime|Drama|Romance,5.2,11,0.366,en
60713,Captains Courageous,1996,Action|Adventure|Drama|Family|TV Movie,6.386,22,0.4161,en
48782,A Summer Dress,1996,Drama|Romance,6.9,45,0.591,fr
230454,Khiladiyon Ka Khiladi,1996,Action|Crime|Thriller,5.5,20,0.4167,hi
174411,Gone in the Night,1996,TV Movie|Drama,6.464,14,0.4397,en
37677,Tiger Claws II,1996,Action,5.0,30,0.6639,en
62352,Private Confessions,1996,Drama,6.167,15,0.5867,sv
110972,Pie in the Sky,1996,Comedy|Romance,6.633,15,0.4156,en
107096,Nemesis 3: Time Lapse,1996,Action|Thriller|Science Fiction,3.5,30,0.4688,en
29891,Star Hunter,1996,Action|Horror|Science Fiction,4.591,11,0.565,en
48580,A Self-Made Hero,1996,Drama|War|Comedy,6.857,115,0.4234,fr
83567,Somersault in a Coffin,1996,Drama,7.337,83,0.3911,tr
315306,Rattled,1996,Horror|Thriller|TV Movie,7.0,10,1.372,en
17204,Paradise Lost: The Child Murders at Robin Hood Hills,1996,Documentary|Crime,7.57,201,0.3934,en
161070,August,1996,Romance|Comedy|Drama,4.346,13,0.5424,en
124841,Rainclouds Over Wushan,1996,Drama,5.0,10,0.5197,zh
48118,The Cold Light of Day,1996,Drama|Thriller,5.0,21,0.5504,en
47793,Elective Affinities,1996,Romance|Drama|Comedy,6.118,17,0.4989,fr
32686,Gray's Anatomy,1996,Comedy|Drama|Documentary,6.5,41,0.6561,en
56549,Operation 'Happy New Year'!,1996,Comedy,5.75,12,0.5437,ru
494064,Yawara! Atlanta Special,1996,Animation|Comedy|Drama,6.471,17,0.4413,ja
55936,Prisoner of the Mountains,1996,Drama|War,6.638,65,0.4472,ru
384295,Leily is with Me,1996,War|History|Comedy,6.929,28,0.5703,fa
68815,Organ,1996,Horror|Thriller,5.643,21,0.4737,ja
64265,The Paper Brigade,1996,TV Movie|Family|Comedy|Adventure,6.923,26,0.564,en
49172,Public Enemies,1996,Drama|Crime,3.938,16,0.4585,en
9514,Werner: Eat My Dust!!!,1996,Animation|Comedy|Action,5.868,125,0.3729,de
23416,A Face to Die For,1996,Drama,6.4,12,0.4772,en
366302,The Making of 'E.T. the Extra-Terrestrial',1996,Documentary|Family|Science Fiction|Fantasy,7.406,16,0.3727,en
47366,The Good Life,1996,Drama,6.239,23,0.466,es
153879,Mask of Death,1996,Thriller|Action,3.667,15,0.4156,en
39502,Vinterviken,1996,Crime|Drama,3.854,24,0.47,sv
59857,Arcane Sorcerer,1996,Horror,6.9,48,0.4941,it
56284,Taxi,1996,Crime|Drama|Romance,5.189,37,0.3853,es
222872,Starquest II,1996,Thriller|Science Fiction,3.273,11,0.3765,en
55456,Space Marines,1996,Action|Science Fiction,3.464,14,1.6775,en
124680,Broken English,1996,Romance|Drama,5.636,11,0.4765,en
104106,Death in Granada,1996,Drama,5.5,20,0.4181,es
81244,Alien Nation: The Enemy Within,1996,Science Fiction|TV Movie,5.6,25,0.4717,en
49935,Thieves,1996,Romance|Crime|Drama,6.136,55,0.3739,fr
293830,Terminal,1996,Horror|TV Movie|Thriller,4.8,10,0.731,en
220326,Tales of Erotica,1996,Comedy|Drama|Fantasy|Romance,3.9,10,0.443,en
124818,Cosmos,1996,Comedy|Drama,5.894,33,0.3839,fr
35842,Born Free: A New Adventure,1996,Drama|Adventure|TV Movie|Romance|Family,6.4,10,0.396,en
571372,Her Costly Affair,1996,Thriller|TV Movie,4.0,10,0.617,en
147463,Sweet Dreams,1996,Mystery|Drama|TV Movie,5.6,10,0.5392,en
64959,The Worker and the Hairdresser in a Whirlwind of Sex and Politics,1996,Comedy,5.094,16,0.4532,it
54920,It's Spring Training  Charlie Brown!,1996,Family|Animation|TV Movie|Comedy,6.6,22,0.5423,en
80546,The Secret Agent Club,1996,Family|Comedy|Action,4.016,32,0.6235,en
67711,Petticoat Planet,1996,Fantasy|Comedy|Science Fiction,4.0,11,1.0579,en
290720,Baja,1996,Thriller|Drama|Crime,5.231,13,0.481,en
375914,Fresh Kill,1996,Science Fiction|Drama,5.3,18,0.5759,en
59179,The Willows in Winter,1996,Animation|Family|TV Movie,6.667,15,0.3831,en
87874,Werewolf,1996,Horror,2.256,45,0.3905,en
130088,Terror in the Family,1996,Drama|TV Movie,6.0,14,0.3262,en
121493,A Summer in La Goulette,1996,Drama|Comedy,6.121,29,0.5314,fr
274091,Criminal Hearts,1996,Thriller|Action|Crime,4.75,10,0.3942,en
447283,Frequent Flyer,1996,Drama|TV Movie,4.8,10,0.4247,en
258712,The Hunchback of Notre Dame,1996,Animation|Adventure|Drama,6.7,31,0.7768,en
106837,Different for Girls,1996,Comedy|Drama|Romance,7.145,38,0.4145,en
110513,Girls Town,1996,Comedy|Drama,5.5,10,0.2757,en
2143,Carla's Song,1996,War|Drama|Romance,6.8,95,0.4724,en
73339,The Boys Club,1996,Drama|Adventure|Crime|Mystery|Thriller,5.682,22,0.4797,en
24768,Nothing Funny,1996,Comedy|Drama,6.8,83,0.3237,pl
90755,Breaking the Code,1996,History|Drama|TV Movie,5.5,18,0.3717,en
46745,Butch Camp,1996,Comedy|Romance,4.156,16,0.4556,en
71449,M.D. Geist II: Death Force,1996,Science Fiction|Animation|Action,4.9,16,0.4406,ja
72368,Don't Forget You're Going to Die,1996,Drama,6.646,24,0.3856,fr
367085,Sad?,1996,Documentary,5.9,34,0.4485,en
133714,Within the Rock,1996,Science Fiction|Horror|TV Movie,4.529,17,0.396,en
67067,Zone 39,1996,Science Fiction,5.571,14,0.4025,en
40626,Should Not!...,1996,Comedy,5.394,33,0.4238,fr
111645,Brujas,1996,Drama|Comedy,4.8,10,0.3842,es
196960,The Burning Snail,1996,Drama,6.455,11,0.3583,de
251453,Vice Academy Part 5,1996,Comedy|Crime,3.417,12,0.4,en
77077,Portland,1996,Crime|Drama,4.636,11,0.3491,da
58911,Hotel de Love,1996,Comedy|Romance,5.0,11,0.3879,en
24063,Drawing Flies,1996,Comedy|Drama|Thriller,4.591,22,0.3721,en
226594,Jerusalem,1996,Drama,7.267,15,0.441,sv
105763,A Chef in Love,1996,Drama|Comedy|Romance,4.75,16,0.6385,ka
50214,Ghost with Driver,1996,Comedy|Fantasy,4.955,66,0.4207,fr
159465,Death in Therapy,1996,Thriller,6.2,18,0.3917,fr
74239,Message to Love - The Isle of Wight Festival,1996,Music|Documentary,6.808,13,0.5513,en
300532,Unabomber: The True Story,1996,TV Movie|Crime|Drama|History,6.059,17,0.4545,en
243362,Haircut,1996,Drama,5.4,13,0.3883,pt
18128,Chris Rock: Bring the Pain,1996,Comedy,7.2,81,0.3476,en
34509,George Carlin: Back in Town,1996,Comedy|TV Movie,7.699,78,0.4755,en
262828,Red Persimmon,1996,Drama,7.0,12,0.3968,zh
11956,When the Cat's Away,1996,Comedy,6.235,102,0.5111,fr
10801,The Superwife,1996,Comedy,4.654,26,0.3394,de
27536,Repligator,1996,Comedy|Science Fiction|Action,3.333,21,0.6364,en
427747,Goosebumps: Stay Out of the Basement,1996,Horror|Fantasy|Family,7.346,13,0.3446,en
30180,Hype!,1996,Documentary|Music,7.422,58,0.4213,en
71145,Boo to You Too! Winnie the Pooh,1996,Animation|Family,7.271,24,0.4317,en
74301,Ritorno a casa Gori,1996,Comedy|Drama,6.133,15,0.3285,it
55394,Saint Clara,1996,Fantasy|Science Fiction|Drama|Romance,6.9,23,0.755,he
492935,Nasser 56,1996,Drama|History,6.65,10,0.3269,ar
13563,Puddle Cruiser,1996,Comedy|Romance,5.344,32,0.3332,en
103029,Hercule and Sherlock,1996,Comedy|Crime,4.446,37,0.3175,fr
267778,Code Name: Wolverine,1996,Action|TV Movie,6.269,13,0.3577,en
259463,wkw/tk/1996@7'55''hk.net,1996,Romance,6.531,16,0.4539,ja
108704,Alien Abduction: Intimate Secrets,1996,Drama|Horror|Science Fiction,4.5,10,0.2281,en
61863,Invisible Mom,1996,Comedy|Fantasy,5.0,11,0.4257,en
59147,Bits & Pieces,1996,Drama|Comedy,5.031,16,0.4438,it
46314,Hugo the Movie Star,1996,Animation|Family,6.0,33,0.4081,da
86845,Bloodfist VIII: Trained to Kill,1996,Action,4.917,12,0.6883,en
30700,Kalle Blomkvist Lives Dangerously,1996,Family|Mystery,7.6,19,0.4606,sv
187851,They Bite,1996,Comedy|Horror|Science Fiction,3.654,13,0.3346,en
73183,The Haunted World of Edward D. Wood  Jr.,1996,Documentary,7.75,12,0.3345,en
41668,Fantozzi The Return,1996,Comedy,5.762,399,0.5659,it
201445,Late Bloomers,1996,Comedy|Drama|Romance,4.618,17,0.3872,en
57852,No Contest II,1996,Action|Crime|Thriller,5.25,12,0.3356,en
104103,Shadow Play,1996,Drama|Comedy,7.35,10,0.4398,fr
68665,Daddy's Girl,1996,Horror|Thriller|Drama,4.6,19,0.3619,en
330839,Old Songs About the Main Thing,1996,Music|TV Movie,4.906,16,0.3334,ru
449350,Expendable Assets,1996,Fantasy|Adventure|History,8.8,18,0.377,en
196908,Le Polygraphe,1996,Unknown,5.6,10,1.4156,fr
94903,United Trash,1996,Comedy,4.2,16,0.5362,de
328341,Buenos Aires viceversa,1996,Comedy|Drama,5.818,11,0.4077,es
133192,Blackout,1996,Drama|Action|Thriller,5.643,14,0.509,en
145194,Such Is Life,1996,Comedy|Drama,4.5,10,0.3792,sv
15554,The Triumph of the Nerds: The Rise of Accidental Empires,1996,Documentary,7.443,35,0.3168,en
41005,The Dog in the Manger,1996,Comedy,6.613,31,0.355,es
52989,How the Toys Saved Christmas,1996,Family|Animation|Fantasy,7.226,113,0.3218,it
57811,Foreign Land,1996,Drama|Thriller|Romance,7.2,60,0.3479,pt
66292,Agni Sakshi,1996,Drama|Thriller,6.9,10,0.4564,hi
82630,A Holiday for Love,1996,Drama|Family|Romance|TV Movie,5.767,30,0.3522,en
104638,Aquí llega Condemor  el pecador de la pradera,1996,Western|Comedy,5.087,23,0.3923,es
469667,Angel Legend,1996,Action|Animation|Comedy,5.727,11,0.5195,ja
57016,Mandela,1996,Documentary|History,6.273,11,0.3163,en
259941,Stand Against Fear,1996,Drama,5.4,10,0.4092,en
271973,At Full Gallop,1996,Comedy|History|Drama,6.115,13,0.2348,pl
64584,Perfect Love,1996,Drama|Romance,5.267,15,0.357,fr
219059,The White Lioness,1996,Mystery|Crime|Thriller,5.2,10,0.4091,sv
48191,Rubber's Lover,1996,Horror|Science Fiction,6.451,41,0.4006,ja
78051,Night Train to Venice,1996,Thriller|Mystery|Fantasy,2.288,26,0.2765,en
69272,Grim,1996,Horror,3.804,23,0.4469,en
62826,The Potato Seller,1996,Comedy|Drama|TV Movie,5.594,16,0.2579,sv
9269,Männerpension,1996,Drama|Comedy|Crime,5.367,30,0.381,de
88072,Sudden Terror: The Hijacking of School Bus #17,1996,Thriller|TV Movie,4.5,10,0.3473,en
58081,Iris Blond,1996,Comedy,5.976,191,0.2868,it
49104,Chronicle of a Disappearance,1996,Drama,6.6,25,0.3252,ar
93946,Hollow Reed,1996,Drama,5.8,16,0.3166,en
39797,To Steal a Thief,1996,Comedy|Crime,3.6,19,0.3622,sv
118488,Dead Heart,1996,Mystery|Thriller|Drama,5.8,10,0.323,en
12799,Full Speed,1996,Romance|Drama,5.25,28,0.3882,fr
256675,Whisper,1996,Drama|Romance,4.7,10,0.3375,cs
166871,Saajan Chale Sasural,1996,Comedy|Romance,6.231,13,0.3318,hi
59892,Conspirators of Pleasure,1996,Drama|Animation|Comedy,6.7,87,0.4466,cs
127674,Seven Servants,1996,Drama,4.85,10,0.332,en
264560,When Friendship Kills,1996,Drama|TV Movie,6.35,21,0.4443,en
69575,Avvai Shanmugi,1996,Comedy|Drama,7.034,29,0.3935,ta
177913,Focus,1996,Thriller|Drama|Crime,5.8,10,0.3843,ja
78496,News from the Good Lord,1996,Comedy,7.455,11,0.3177,fr
237807,An Unfinished Affair,1996,Drama|Thriller|TV Movie,5.273,11,0.302,en
100956,Passion,1996,Drama|Music|Romance,6.5,14,0.4327,en
42425,A Walk in Time,1996,Adventure|Comedy|Science Fiction,5.202,346,0.2575,it
210822,Ernst & the Light,1996,Comedy,6.875,16,0.3167,en
237724,Azhakiya Ravanan,1996,Comedy|Drama,7.469,16,0.3662,ml
8380,Asphalt Tango,1996,Comedy|Drama,7.1,26,0.3747,ro
66095,Hello  Fools!,1996,Comedy|Romance,6.083,18,0.2281,ru
85866,Rollergator,1996,Family|Comedy,2.865,26,0.3214,en
56399,August Vacation,1996,Comedy|Drama,6.795,139,0.3212,it
4387,A Girl Called Rosemarie,1996,Crime|Drama,6.688,16,0.3211,de
88423,The Quiet Room,1996,Drama,5.909,11,0.2468,en
97449,Khamoshi: The Musical,1996,Drama|Romance,6.783,23,0.326,hi
111367,For Ever Mozart,1996,Drama|Comedy|War,5.905,21,0.2709,fr
152653,Clubbed to Death,1996,Drama,6.214,14,0.2781,fr
107883,1914 the Glorious Summer,1996,Drama,4.818,11,0.3196,fr
96691,A Midsummer Night's Dream,1996,Fantasy|Drama|Comedy|Romance,5.909,11,0.4881,en
134184,The Pupil,1996,Drama|History,6.192,13,0.2372,fr
174117,Dallas: J.R. Returns,1996,Drama,5.679,14,0.3409,en
76390,Men  Women: A User's Manual,1996,Comedy|Drama,6.0,31,0.3575,fr
42422,Palermo – Milan One Way,1996,Crime|Action|Drama|Thriller,6.236,138,0.4338,it
203949,Party,1996,Drama|Comedy,6.464,14,0.4152,fr
167022,Wake Up Love,1996,Comedy|Romance,5.409,11,0.1696,es
117401,She Cried No,1996,Drama|TV Movie,5.7,28,0.4396,en
39335,Moebius,1996,Science Fiction,6.212,59,0.3946,es
70657,Wasted!,1996,Crime|Drama|Music,6.1,13,0.3196,nl
49302,The Biggest Heroes,1996,Comedy|Drama,6.0,16,0.2468,da
54257,Young Jönsson Gang: The Cornflakes Robbery,1996,Comedy|Family,4.962,26,0.281,sv
56898,Cresceranno i carciofi a Mimongo,1996,Comedy,5.958,12,0.2527,it
115665,Extasis,1996,Drama|Thriller,5.85,20,0.3261,es
668289,Desire: An Erotic Fantasyplay,1996,Romance,3.85,10,0.3723,en
292894,Sword of Honor,1996,Thriller|Action|Drama,5.2,10,0.2631,en
153272,Taxandria,1996,Fantasy|Animation|Adventure,5.938,16,0.3623,en
92691,Without Memory,1996,Documentary,6.545,11,0.2065,ja
30098,Alice in Chains: MTV Unplugged,1996,Music,8.682,22,0.2169,en
332881,Wax-Scented Women,1996,Drama,3.545,11,0.2347,tr
162589,Blue Eyed,1996,Documentary,6.923,13,0.308,de
46754,The Other Side of Sunday,1996,Drama|Comedy,5.857,14,0.2105,no
203618,Elevated,1996,Horror|Mystery|Thriller,6.25,38,0.3032,en
414188,Kidz in the Wood,1996,TV Movie|Comedy|Adventure,5.182,11,0.2751,en
56726,Chasing the Kidneystone,1996,Adventure|Family|Fantasy,5.974,19,0.3705,no
48012,Brigands  Chapter VII,1996,Comedy,6.077,13,0.2454,fr
76996,Love and Other Catastrophes,1996,Comedy|Romance,5.419,31,0.228,en
100075,Two Dads and One Mom,1996,Comedy,3.133,15,0.2597,fr
45221,Delphine : 1  Yvan : 0,1996,Comedy,5.574,34,0.2548,fr
282808,Welcome to the Discworld,1996,Fantasy|Animation,6.4,10,0.2508,en
13588,Eddie Izzard: Definite Article,1996,Comedy,7.786,42,0.3125,en
61086,The Wild Bunch: An Album in Montage,1996,Documentary,7.2,10,0.2709,en
124463,The Cow,1996,Drama,6.0,11,0.2736,cs
53310,Sci-fighters,1996,Action|Science Fiction|Thriller,5.273,11,0.3275,en
123495,Strangled Lives,1996,Drama,5.269,13,0.3333,it
306316,Showgirl Murders,1996,Thriller|Action,5.3,10,0.1951,en
410011,Must Be the Music,1996,Unknown,5.077,13,0.2476,en
258797,Land In Between,1996,Drama,5.975,20,0.2657,it
65140,Tieta of Agreste,1996,Comedy,6.679,28,0.2981,pt
265531,Hart to Hart: Till Death Do Us Hart,1996,Drama|Crime|Mystery|TV Movie,6.6,10,0.398,en
80275,13 Never Again!,1996,Drama|Family,6.273,11,0.3542,no
247099,Classe mista 3ª A,1996,Comedy|Romance,5.81,29,0.246,it
53689,Monopol,1996,Comedy|Music,5.633,15,0.2073,sv
60316,Food,1996,Animation|Comedy,7.8,126,0.2295,en
79474,Not Love  Just Frenzy,1996,Comedy|Drama|Romance|Thriller,5.813,24,0.2441,es
97002,The Brylcreem Boys,1996,Drama|Romance|War,4.364,11,0.2713,en
422488,3,1996,Comedy|Romance,4.6,10,0.2687,it
79174,Follow Your Heart,1996,Drama|Romance,6.132,38,0.2665,it
316351,El Anzuelo,1996,Comedy,5.2,10,0.2383,es
93527,Dipu Number Two,1996,Adventure|Family,9.4,11,0.2253,bn
58063,Hard Men,1996,Action|Crime,5.95,10,0.2037,en
164144,Red Hollywood,1996,Documentary|History,6.455,11,0.3763,en
56332,Jack Frusciante è uscito dal gruppo,1996,Drama|Comedy|Romance,5.863,102,0.235,it
140528,Your Name Poisons My Dreams,1996,Drama,4.909,11,0.1502,es
73522,Recipes to Stay Together,1996,Comedy|Romance,5.857,14,0.2,es
280804,Demon in the Bottle,1996,Fantasy|Comedy|Adventure|Family,4.385,13,0.2139,en
48589,Wat's Pig,1996,Animation,6.833,18,0.3121,en
21928,The Magic of Flight,1996,Documentary|History,6.958,12,0.2482,en
222882,House of the Damned,1996,Horror|TV Movie,3.917,12,0.1916,en
10532,Abbuzze! Der Badesalz-Film,1996,Comedy,6.766,32,0.2256,de
49974,God's Comedy,1996,Comedy|Drama,6.88,25,0.1997,pt
143989,Autumn Sun,1996,Romance,7.313,16,0.1064,es
28470,Der Bockerer II - Österreich ist frei,1996,Drama|History,6.929,14,0.1666,de
114279,Truth or Dare,1996,Action|Thriller|TV Movie,4.7,10,0.2448,en
175371,A Body in the Woods,1996,Thriller,5.846,13,0.1771,ca
56345,Animal Love,1996,Documentary,6.438,16,0.2355,de
173005,Shaman,1996,Drama|Adventure,5.367,15,0.1819,ru
225617,Festival,1996,Drama,6.075,20,1.4883,it
145551,Italiani,1996,Drama,5.9,11,0.1436,it
340892,Under the Skin,1996,Crime|Drama,5.6,10,0.4683,es
251361,Cavafy,1996,Drama,4.429,14,0.2527,el
31789,What a Drag,1996,Comedy,5.862,159,0.2947,fr
97046,Deseret,1996,Documentary,5.647,17,0.2367,en
34510,George Carlin: George's Best Stuff,1996,Comedy|TV Movie|Documentary,7.795,22,0.2473,en
326338,Truants,1996,Drama,6.385,13,0.2271,el
157644,Cuba Libre,1996,Comedy|Drama|Romance|TV Movie,6.3,10,0.2118,de
296779,The Waiting Room,1996,Comedy,6.88,25,0.2432,nl
47496,The Grand Dukes,1996,Comedy,6.071,56,0.3516,fr
469527,La mujer de los dos,1996,Drama|Music,6.815,27,0.1804,es
28082,Witchcraft VIII: Salem's Ghost,1996,Horror,2.75,12,0.2033,en
58777,Will It Snow for Christmas?,1996,Drama,6.919,31,0.3688,fr
105514,Opening Day of Close-Up,1996,Comedy|Documentary,5.438,40,0.2094,it
261715,Affliction,1996,Documentary,5.05,10,0.192,en
127174,Eva Perón,1996,Drama,5.962,13,0.2099,es
171085,Escoriandoli,1996,Comedy,6.8,12,0.1111,it
255883,Papà dice messa,1996,Comedy,5.816,19,0.2403,it
80652,Miss Nobody,1996,Drama,5.4,20,0.2093,pl
123791,Too Late,1996,Thriller|Drama,6.857,14,0.2434,ro
69131,How to Make Love to a Woman,1996,Animation|Drama|Comedy|Romance,6.056,18,0.1632,en
202140,The Seventh Room,1996,Drama|War,6.5,13,0.383,it
218775,La Salla,1996,Animation,3.9,10,0.1614,en
80205,The Conquest,1996,History,4.417,12,0.206,hu
278484,The Battle Over Citizen Kane,1996,Documentary|TV Movie,7.397,29,0.1885,en
31244,Merlin's Shop of Mystical Wonders,1996,Horror|Fantasy,2.605,43,0.1465,en
143220,Close-Up Long Shot,1996,Documentary,6.231,13,0.2871,fa
239567,Traveling Companion,1996,Drama,6.25,12,0.1733,it
27766,Santa Claws,1996,Horror,3.238,21,0.1941,en
401331,Michael Jackson: HIStory World Tour - Live in Auckland 1996,1996,Music,8.286,14,0.2475,en
60118,Fable,1996,TV Movie|Romance,4.25,18,0.1598,it
53294,Goodbye  Father,1996,Drama|Romance,6.429,14,0.1463,pt
61495,Santa Claus and the Magic Drum,1996,Animation|Family,7.028,18,0.2416,fi
140695,Superior Duck,1996,Animation|Comedy|Family,5.962,26,0.1487,en
189042,Derek Zoolander: Male Model,1996,Comedy,5.875,16,0.1597,en
76111,Tina Turner: Live In Amsterdam - Wildest Dreams Tour,1996,Music,7.75,10,0.1735,en
135283,Mee Pok Man,1996,Drama|Romance,5.286,14,0.1714,zh
49501,Small Time,1996,Drama,5.857,14,0.2084,en
50274,Forgotten Light,1996,Drama,6.227,11,0.1818,cs
161973,Uomini senza donne,1996,Comedy,4.708,12,0.2003,it
267583,Disney Presents: Main Street Electrical Parade - Farewell Season,1996,Documentary|Family,5.4,75,0.1352,en
49488,Kill the Day,1996,Drama,6.447,19,0.1275,en
36712,Everything Must Go,1996,Comedy|Drama,4.6,10,0.225,nl
282413,Between Pancho Villa and a Naked Woman,1996,History|Comedy|Fantasy,5.636,11,0.1119,en
26775,Ricky Jay and His 52 Assistants,1996,Documentary|Comedy,7.2,10,0.1481,en
214163,The Chicken from Outer Space,1996,Animation|Comedy|Horror|Science Fiction,6.8,33,0.2176,en
23984,Cremaster 1,1996,Comedy|Music,5.7,45,0.1261,xx
200678,The Goodbye Place,1996,Drama|Fantasy,5.313,16,0.1279,en
127636,La mujer del puerto,1996,Drama,5.964,14,0.1585,es
257595,Between Marx and a Naked Woman,1996,Drama|Comedy,6.737,19,0.1677,es
114006,Oriental Elegy,1996,Documentary,6.188,16,0.1558,ru
102754,Bwana,1996,Comedy|Drama,5.795,22,0.2547,es
140149,Season's Greetings,1996,Horror|Animation,6.875,28,0.152,en
181845,How Wings Are Attached to the Backs of Angels,1996,Animation,6.6,14,0.1421,en
104611,Pictures,1996,Drama|Horror,5.091,11,0.1818,es
231223,How Angels are Born,1996,Drama|Crime,7.231,13,0.1125,pt
97119,Hide and Seek,1996,Drama|Documentary,6.409,11,0.1756,en
107141,Smugglers,1996,Action|Crime,6.188,16,0.0924,pl
247436,Wind,1996,Drama,7.324,37,0.1189,hu
169042,Blondes Have More Guns,1996,Comedy|Thriller,4.1,10,0.1363,en
47040,Twilight of the Gods,1996,Drama|War,5.625,16,0.0968,en
83409,Feeders,1996,Horror|Science Fiction,4.5,38,0.1337,en
138522,Few of Us,1996,Drama,6.87,27,0.1183,lt
197519,The Escort,1996,Comedy,5.4,10,0.0637,fr
71785,Five Days  Five Nights,1996,Drama,5.864,11,0.1672,pt
49489,Small Deaths,1996,Drama,6.53,33,0.1145,en
32533,Genre,1996,Animation|Comedy,6.912,51,0.0563,en
142130,Christmas,1996,Animation,5.75,10,0.1072,ru
107642,El secdleto de la tlompeta,1996,Comedy,6.043,23,0.1083,es
126216,Comingled Containers,1996,Unknown,6.4,45,0.0537,en
125246,Soda Stereo: MTV Unplugged Comfort and music to fly,1996,Music,7.643,21,0.0482,es
41858,Breasts: A Documentary,1996,Documentary,5.2,10,0.1635,en
289853,Blight,1996,Documentary,6.474,19,0.0604,en
193150,Amsterdam Global Village,1996,Documentary,6.909,11,0.0457,nl
454010,TuttoBenigni 95/96,1996,Comedy,7.5,18,0.0915,it
68886,The Saint Inspector,1996,Animation,6.0,11,0.0286,en
244836,A Walk with Johnny Guitar,1996,Drama,6.667,15,0.0311,pt
126999,Nobody's Business,1996,Documentary,7.853,17,0.0168,en
77552,Gallivant,1996,Documentary,7.2,10,0.0281,en
